INSERT INTO image (imgID, imgPath, imgCategory) VALUES ('img1', 'chien.jpg', 'dogs');
INSERT INTO image (imgID, imgPath, imgCategory) VALUES ('img2', 'chien1.jpg', 'dogs');
INSERT INTO image (imgID, imgPath, imgCategory) VALUES ('img3', 'chien2.jpg', 'dogs');
INSERT INTO image (imgID, imgPath, imgCategory) VALUES ('img4', 'chien3.jpg', 'dogs');
INSERT INTO image (imgID, imgPath, imgCategory) VALUES ('img5', 'chien4.jpg', 'dogs');
INSERT INTO image (imgID, imgPath, imgCategory) VALUES ('img6', 'chien5.jpg', 'dogs');
INSERT INTO image (imgID, imgPath, imgCategory) VALUES ('img7', 'chien6.jpg', 'dogs');

INSERT INTO image (imgID, imgPath, imgCategory) VALUES ('img8', 'doglogo.png', 'logos');
INSERT INTO image (imgID, imgPath, imgCategory) VALUES ('img9', 'iCollar_logo.png', 'logos');
INSERT INTO image (imgID, imgPath, imgCategory) VALUES ('img10', 'PetConnect-Logo.png', 'logos');
INSERT INTO image (imgID, imgPath, imgCategory) VALUES ('img22', 'petconnect_logo_transparent.png', 'logos');

INSERT INTO image (imgID, imgPath, imgCategory) VALUES ('img11', 'iCollar_blanc2.png', 'products');

INSERT INTO image (imgID, imgPath, imgCategory) VALUES ('img12', 'basket.png', 'profile');
INSERT INTO image (imgID, imgPath, imgCategory) VALUES ('img13', 'client.png', 'profile');

INSERT INTO image (imgID, imgPath, imgCategory) VALUES ('img14', 'aboiement.png', 'sensors');
INSERT INTO image (imgID, imgPath, imgCategory) VALUES ('img15', 'co2.png', 'sensors');
INSERT INTO image (imgID, imgPath, imgCategory) VALUES ('img16', 'heart.png', 'sensors');
INSERT INTO image (imgID, imgPath, imgCategory) VALUES ('img17', 'position.png', 'sensors');
INSERT INTO image (imgID, imgPath, imgCategory) VALUES ('img18', 'thermo.png', 'sensors');

INSERT INTO image (imgID, imgPath, imgCategory) VALUES ('img19', 'facebook.png', 'social');
INSERT INTO image (imgID, imgPath, imgCategory) VALUES ('img20', 'instagram.png', 'social');
INSERT INTO image (imgID, imgPath, imgCategory) VALUES ('img21', 'twitter.png', 'social');

INSERT INTO image (imgID, imgPath, imgCategory) VALUES ('img23', 'EnglishFlag.png', 'languages');
INSERT INTO image (imgID, imgPath, imgCategory) VALUES ('img24', 'FrenchFlag.png', 'languages');
INSERT INTO image (imgID, imgPath, imgCategory) VALUES ('img25', 'RussianFlag.png', 'languages');

INSERT INTO image (imgID, imgPath, imgCategory) VALUES ('img26', 'iCollar_v2_black.png', 'products');
INSERT INTO image (imgID, imgPath, imgCategory) VALUES ('img27', 'iCollar_v2_white.png', 'products');
INSERT INTO image (imgID, imgPath, imgCategory) VALUES ('img28', 'iCollar_v2_blue.png', 'products');
INSERT INTO image (imgID, imgPath, imgCategory) VALUES ('img29', 'iCollar_v2_red.png', 'products');
INSERT INTO image (imgID, imgPath, imgCategory) VALUES ('img30', 'iCollar_v2_yellow.png', 'products');
INSERT INTO image (imgID, imgPath, imgCategory) VALUES ('img31', 'iCollar_v2_green.png', 'products');

INSERT INTO image (imgID, imgPath, imgCategory) VALUES ('img32', 'iCollar_v1_black.png', 'products');
INSERT INTO image (imgID, imgPath, imgCategory) VALUES ('img33', 'iCollar_v1_white.png', 'products');
INSERT INTO image (imgID, imgPath, imgCategory) VALUES ('img34', 'iCollar_v1_blue.png', 'products');
INSERT INTO image (imgID, imgPath, imgCategory) VALUES ('img35', 'iCollar_v1_red.png', 'products');
INSERT INTO image (imgID, imgPath, imgCategory) VALUES ('img36', 'iCollar_v1_yellow.png', 'products');
INSERT INTO image (imgID, imgPath, imgCategory) VALUES ('img37', 'iCollar_v1_green.png', 'products');

INSERT INTO image (imgID, imgPath, imgCategory) VALUES ('img38', 'eco.png', 'misc');
INSERT INTO image (imgID, imgPath, imgCategory) VALUES ('img39', 'delivery.png', 'misc');
INSERT INTO image (imgID, imgPath, imgCategory) VALUES ('img40', 'satisfied.png', 'misc');
INSERT INTO image (imgID, imgPath, imgCategory) VALUES ('img41', 'trash.png', 'misc');
INSERT INTO image (imgID, imgPath, imgCategory) VALUES ('img42', 'edit.png', 'misc');
INSERT INTO image (imgID, imgPath, imgCategory) VALUES ('img43', 'cancel.png', 'misc');
INSERT INTO image (imgID, imgPath, imgCategory) VALUES ('img44', 'confirm.png', 'misc');

INSERT INTO client (cltID, cltUsername, cltFirstName, cltLastName, cltEmail, cltPhoneNumber, cltPassword, cltPfpName, cltSignupDate, cltVerifiedEmail) VALUES ('clt19', 'Jeff', 'fEFF', 'hgEtus', 'pppbbb616000@gmail.com', '123456789', '$2y$10$kOeEgAJU04emD4fT6.dW8OoEWivgwuWROTd07DvI/ETjZEuOkbuaO', 'chien.jpg', NOW(), 1);
INSERT INTO client (cltID, cltUsername, cltFirstName, cltLastName, cltEmail, cltPhoneNumber, cltPassword, cltPfpName, cltSignupDate, cltVerifiedEmail) VALUES ('clt2', 'zenry123', 'fgenry', 'aEEtus', 'henry@yeetus.com', '123456789', '$2y$10$kOeEgAJU04emD4fT6.dW8OoEWivgwuWROTd07DvI/ETjZEuOkbuaO', 'chien.jpg', NOW(), 1);
INSERT INTO client (cltID, cltUsername, cltFirstName, cltLastName, cltEmail, cltPhoneNumber, cltPassword, cltPfpName, cltSignupDate) VALUES ('clt3', 'park123', 'fgark', 'AEtus', 'mark2@yeet4545us.com', '123456789', '$2y$10$kOeEgAJU04emD4fT6.dW8OoEWivgwuWROTd07DvI/ETjZEuOkbuaO', 'chien.jpg', NOW());
INSERT INTO client (cltID, cltUsername, cltFirstName, cltLastName, cltEmail, cltPhoneNumber, cltPassword, cltPfpName, cltSignupDate) VALUES ('clt4', 'keff', 'fgEFF', 'ghEEtus', 'ewvre45ff@yeetus.com', '123456789', '$2y$10$kOeEgAJU04emD4fT6.dW8OoEWivgwuWROTd07DvI/ETjZEuOkbuaO', 'chien.jpg', NOW());
INSERT INTO client (cltID, cltUsername, cltFirstName, cltLastName, cltEmail, cltPhoneNumber, cltPassword, cltPfpName, cltSignupDate) VALUES ('clt5', 'henry123', 'fgenry', 'YEEtus', 'heawnry@yeetus.com', '123456789', '$2y$10$kOeEgAJU04emD4fT6.dW8OoEWivgwuWROTd07DvI/ETjZEuOkbuaO', 'chien.jpg', NOW());
INSERT INTO client (cltID, cltUsername, cltFirstName, cltLastName, cltEmail, cltPhoneNumber, cltPassword, cltPfpName, cltSignupDate) VALUES ('clt6', 'gark123', 'fgark', 'aEEtus', 'gnar3434k@yeetus.com', '123456789', '$2y$10$kOeEgAJU04emD4fT6.dW8OoEWivgwuWROTd07DvI/ETjZEuOkbuaO', 'chien.jpg', NOW());
INSERT INTO client (cltID, cltUsername, cltFirstName, cltLastName, cltEmail, cltPhoneNumber, cltPassword, cltPfpName, cltSignupDate) VALUES ('clt7', 'feff', 'fgEFF', 'fdEtus', 'asef34f@yee34tus.com', '123456789', '$2y$10$kOeEgAJU04emD4fT6.dW8OoEWivgwuWROTd07DvI/ETjZEuOkbuaO', 'chien.jpg', NOW());
INSERT INTO client (cltID, cltUsername, cltFirstName, cltLastName, cltEmail, cltPhoneNumber, cltPassword, cltPfpName, cltSignupDate) VALUES ('clt8', 'dsenry123', 'fgenry', 'YEEtus', 'zsnrthry@yeetus.com', '123456789', '$2y$10$kOeEgAJU04emD4fT6.dW8OoEWivgwuWROTd07DvI/ETjZEuOkbuaO', 'chien.jpg', NOW());
INSERT INTO client (cltID, cltUsername, cltFirstName, cltLastName, cltEmail, cltPhoneNumber, cltPassword, cltPfpName, cltSignupDate) VALUES ('clt9', 'sark123', 'hkmark', 'YEEtus', 'marth5rk@yeetus.com', '123456789', '$2y$10$kOeEgAJU04emD4fT6.dW8OoEWivgwuWROTd07DvI/ETjZEuOkbuaO', 'chien.jpg', NOW());
INSERT INTO client (cltID, cltUsername, cltFirstName, cltLastName, cltEmail, cltPhoneNumber, cltPassword, cltPfpName, cltSignupDate) VALUES ('clt10', 'aeff', 'tyo;FF', 'qtus', 'je4545ff@yeetus.com', '123456789', '$2y$10$kOeEgAJU04emD4fT6.dW8OoEWivgwuWROTd07DvI/ETjZEuOkbuaO', 'chien.jpg', NOW());
INSERT INTO client (cltID, cltUsername, cltFirstName, cltLastName, cltEmail, cltPhoneNumber, cltPassword, cltPfpName, cltSignupDate) VALUES ('clt11', 'qenry123', '2qenry', 'YEEtus', 'henegry@yeetus.com', '123456789', '$2y$10$kOeEgAJU04emD4fT6.dW8OoEWivgwuWROTd07DvI/ETjZEuOkbuaO', 'chien.jpg', NOW());
INSERT INTO client (cltID, cltUsername, cltFirstName, cltLastName, cltEmail, cltPhoneNumber, cltPassword, cltPfpName, cltSignupDate) VALUES ('clt12', 'wark123', 'asark', 'aEEtus', 'maop89rk@yeetus.com', '123456789', '$2y$10$kOeEgAJU04emD4fT6.dW8OoEWivgwuWROTd07DvI/ETjZEuOkbuaO', 'chien.jpg', NOW());
INSERT INTO client (cltID, cltUsername, cltFirstName, cltLastName, cltEmail, cltPhoneNumber, cltPassword, cltPfpName, cltSignupDate) VALUES ('clt13', 'eeff', 'zzEFF', 'YaEEtus', 'sdfff@yeetus.com', '123456789', '$2y$10$kOeEgAJU04emD4fT6.dW8OoEWivgwuWROTd07DvI/ETjZEuOkbuaO', 'chien.jpg', NOW());
INSERT INTO client (cltID, cltUsername, cltFirstName, cltLastName, cltEmail, cltPhoneNumber, cltPassword, cltPfpName, cltSignupDate) VALUES ('clt14', 'renry123', 'xenry', 'YEEtus', 'henwwwry@yeetus.com', '123456789', '$2y$10$kOeEgAJU04emD4fT6.dW8OoEWivgwuWROTd07DvI/ETjZEuOkbuaO', 'chien.jpg', NOW());
INSERT INTO client (cltID, cltUsername, cltFirstName, cltLastName, cltEmail, cltPhoneNumber, cltPassword, cltPfpName, cltSignupDate) VALUES ('clt15', 'tark123', 'cark', 'qEEtus', 'mayukyurk@yeetus.com', '123456789', '$2y$10$kOeEgAJU04emD4fT6.dW8OoEWivgwuWROTd07DvI/ETjZEuOkbuaO', 'chien.jpg', NOW());
INSERT INTO client (cltID, cltUsername, cltFirstName, cltLastName, cltEmail, cltPhoneNumber, cltPassword, cltPfpName, cltSignupDate) VALUES ('clt16', 'yJeff', 'b', 'sEEtus', 'jeergff@yeetus.com', '123456789', '$2y$10$kOeEgAJU04emD4fT6.dW8OoEWivgwuWROTd07DvI/ETjZEuOkbuaO', 'chien.jpg', NOW());
INSERT INTO client (cltID, cltUsername, cltFirstName, cltLastName, cltEmail, cltPhoneNumber, cltPassword, cltPfpName, cltSignupDate) VALUES ('clt17', 'uenry123', 'nenry', 'qEEtus', 'henrhmy@yeetus.com', '123456789', '$2y$10$kOeEgAJU04emD4fT6.dW8OoEWivgwuWROTd07DvI/ETjZEuOkbuaO', 'chien.jpg', NOW());
INSERT INTO client (cltID, cltUsername, cltFirstName, cltLastName, cltEmail, cltPhoneNumber, cltPassword, cltPfpName, cltSignupDate) VALUES ('clt18', 'iark123', 'mark', 'aEEtus', 'marawak@yeetus.com', '123456789', '$2y$10$kOeEgAJU04emD4fT6.dW8OoEWivgwuWROTd07DvI/ETjZEuOkbuaO', 'chien.jpg', NOW());


INSERT INTO admin (admID, admEmail, admUsername, admPassword, admPfpName) VALUES ('adm1', 'admin@admin.com', 'ADMIN', '$2y$10$kOeEgAJU04emD4fT6.dW8OoEWivgwuWROTd07DvI/ETjZEuOkbuaO', 'dedpol.png');
INSERT INTO admin (admID, admEmail, admUsername, admPassword, admPfpName) VALUES ('adm2', 'philipe.barakat3@gmail.com', 'ADMIN3', '$2y$10$kOeEgAJU04emD4fT6.dW8OoEWivgwuWROTd07DvI/ETjZEuOkbuaO', 'dedpol.png');
INSERT INTO admin (admID, admEmail, admUsername, admPassword, admPfpName) VALUES ('adm3', 'philipe.barakat4@gmail.com', 'ADMIN4', '$2y$10$kOeEgAJU04emD4fT6.dW8OoEWivgwuWROTd07DvI/ETjZEuOkbuaO', 'dedpol.png');
INSERT INTO admin (admID, admEmail, admUsername, admPassword, admPfpName) VALUES ('adm4', 'philipe.barakat5@gmail.com', 'ADMIN5', '$2y$10$kOeEgAJU04emD4fT6.dW8OoEWivgwuWROTd07DvI/ETjZEuOkbuaO', 'dedpol.png');
INSERT INTO admin (admID, admEmail, admUsername, admPassword, admPfpName) VALUES ('adm5', 'philipe.barakat6@gmail.com', 'ADMIN6', '$2y$10$kOeEgAJU04emD4fT6.dW8OoEWivgwuWROTd07DvI/ETjZEuOkbuaO', 'dedpol.png');

INSERT INTO product(prdID, prdName, prdPrice, prdReleaseDate) VALUES ('prd1', 'iCollar v1', 99.99, '2023-01-01');
INSERT INTO product(prdID, prdName, prdPrice, prdReleaseDate) VALUES ('prd2', 'iCollar v2', 199.99, '2023-01-01');
INSERT INTO product(prdID, prdName, prdPrice, prdReleaseDate) VALUES ('prd3', 'iCollar v3', 299.99, '2023-01-01');
INSERT INTO product(prdID, prdName, prdPrice, prdReleaseDate) VALUES ('prd4', 'iCollar v4', 399.99, '2023-01-01');

INSERT INTO product_color(prcID, prcColor, Product_prdID) VALUES ('prc1', 'black', 'prd1');
INSERT INTO product_color(prcID, prcColor, Product_prdID) VALUES ('prc2', 'blue', 'prd1');
INSERT INTO product_color(prcID, prcColor, Product_prdID) VALUES ('prc3', 'green', 'prd1');
INSERT INTO product_color(prcID, prcColor, Product_prdID) VALUES ('prc4', 'red', 'prd1');
INSERT INTO product_color(prcID, prcColor, Product_prdID) VALUES ('prc5', 'white', 'prd1');
INSERT INTO product_color(prcID, prcColor, Product_prdID) VALUES ('prc6', 'yellow', 'prd1');

INSERT INTO product_color(prcID, prcColor, Product_prdID) VALUES ('prc7', 'black', 'prd2');
INSERT INTO product_color(prcID, prcColor, Product_prdID) VALUES ('prc8', 'blue', 'prd2');
INSERT INTO product_color(prcID, prcColor, Product_prdID) VALUES ('prc9', 'green', 'prd2');
INSERT INTO product_color(prcID, prcColor, Product_prdID) VALUES ('prc10', 'red', 'prd2');
INSERT INTO product_color(prcID, prcColor, Product_prdID) VALUES ('prc11', 'white', 'prd2');
INSERT INTO product_color(prcID, prcColor, Product_prdID) VALUES ('prc12', 'yellow', 'prd2');

INSERT INTO product_color(prcID, prcColor, Product_prdID) VALUES ('prc13', 'black', 'prd3');
INSERT INTO product_color(prcID, prcColor, Product_prdID) VALUES ('prc14', 'blue', 'prd3');
INSERT INTO product_color(prcID, prcColor, Product_prdID) VALUES ('prc15', 'green', 'prd3');
INSERT INTO product_color(prcID, prcColor, Product_prdID) VALUES ('prc16', 'red', 'prd3');
INSERT INTO product_color(prcID, prcColor, Product_prdID) VALUES ('prc17', 'white', 'prd3');
INSERT INTO product_color(prcID, prcColor, Product_prdID) VALUES ('prc18', 'yellow', 'prd3');

INSERT INTO product_color(prcID, prcColor, Product_prdID) VALUES ('prc19', 'black', 'prd4');
INSERT INTO product_color(prcID, prcColor, Product_prdID) VALUES ('prc20', 'blue', 'prd4');
INSERT INTO product_color(prcID, prcColor, Product_prdID) VALUES ('prc21', 'green', 'prd4');
INSERT INTO product_color(prcID, prcColor, Product_prdID) VALUES ('prc22', 'red', 'prd4');
INSERT INTO product_color(prcID, prcColor, Product_prdID) VALUES ('prc23', 'white', 'prd4');
INSERT INTO product_color(prcID, prcColor, Product_prdID) VALUES ('prc24', 'yellow', 'prd4');

INSERT INTO product_image(pimID, pimPath, Product_Color_prcID) VALUES ('pim1', 'iCollar_v1_black.png', 'prc1');
INSERT INTO product_image(pimID, pimPath, Product_Color_prcID) VALUES ('pim2', 'iCollar_v1_blue.png', 'prc2');
INSERT INTO product_image(pimID, pimPath, Product_Color_prcID) VALUES ('pim3', 'iCollar_v1_green.png', 'prc3');
INSERT INTO product_image(pimID, pimPath, Product_Color_prcID) VALUES ('pim4', 'iCollar_v1_red.png', 'prc4');
INSERT INTO product_image(pimID, pimPath, Product_Color_prcID) VALUES ('pim5', 'iCollar_v1_white.png', 'prc5');
INSERT INTO product_image(pimID, pimPath, Product_Color_prcID) VALUES ('pim6', 'iCollar_v1_yellow.png', 'prc6');

INSERT INTO product_image(pimID, pimPath, Product_Color_prcID) VALUES ('pim7', 'iCollar_v2_black.png', 'prc7');
INSERT INTO product_image(pimID, pimPath, Product_Color_prcID) VALUES ('pim8', 'iCollar_v2_blue.png', 'prc8');
INSERT INTO product_image(pimID, pimPath, Product_Color_prcID) VALUES ('pim9', 'iCollar_v2_green.png', 'prc9');
INSERT INTO product_image(pimID, pimPath, Product_Color_prcID) VALUES ('pim10', 'iCollar_v2_red.png', 'prc10');
INSERT INTO product_image(pimID, pimPath, Product_Color_prcID) VALUES ('pim11', 'iCollar_v2_white.png', 'prc11');
INSERT INTO product_image(pimID, pimPath, Product_Color_prcID) VALUES ('pim12', 'iCollar_v2_yellow.png', 'prc12');

INSERT INTO product_image(pimID, pimPath, Product_Color_prcID) VALUES ('pim13', 'iCollar_v2_black.png', 'prc13');
INSERT INTO product_image(pimID, pimPath, Product_Color_prcID) VALUES ('pim14', 'iCollar_v2_blue.png', 'prc14');
INSERT INTO product_image(pimID, pimPath, Product_Color_prcID) VALUES ('pim15', 'iCollar_v2_green.png', 'prc15');
INSERT INTO product_image(pimID, pimPath, Product_Color_prcID) VALUES ('pim16', 'iCollar_v2_red.png', 'prc16');
INSERT INTO product_image(pimID, pimPath, Product_Color_prcID) VALUES ('pim17', 'iCollar_v2_white.png', 'prc17');
INSERT INTO product_image(pimID, pimPath, Product_Color_prcID) VALUES ('pim18', 'iCollar_v2_yellow.png', 'prc18');

INSERT INTO product_image(pimID, pimPath, Product_Color_prcID) VALUES ('pim19', 'iCollar_v1_black.png', 'prc19');
INSERT INTO product_image(pimID, pimPath, Product_Color_prcID) VALUES ('pim20', 'iCollar_v1_blue.png', 'prc20');
INSERT INTO product_image(pimID, pimPath, Product_Color_prcID) VALUES ('pim21', 'iCollar_v1_green.png', 'prc21');
INSERT INTO product_image(pimID, pimPath, Product_Color_prcID) VALUES ('pim22', 'iCollar_v1_red.png', 'prc22');
INSERT INTO product_image(pimID, pimPath, Product_Color_prcID) VALUES ('pim23', 'iCollar_v1_white.png', 'prc23');
INSERT INTO product_image(pimID, pimPath, Product_Color_prcID) VALUES ('pim24', 'iCollar_v1_yellow.png', 'prc24');

INSERT INTO assistance(astID, astQuestion, astAnswer, astApproved) VALUES ('ast1', 'Lorem ipsum dolor sit amet, consectetur adipisicing elit. Ducimus, laboriosam?', 'I don\'t know dude', 1);
INSERT INTO assistance(astID, astQuestion, astAnswer, astApproved) VALUES ('ast2', 'Lorem ipsum dolor sit amet, consectetur adipisicing elit. Ducimus, laboriosam?', 'I don\'t know dude', 1);
INSERT INTO assistance(astID, astQuestion, astAnswer, astApproved) VALUES ('ast3', 'Lorem ipsum dolor sit amet, consectetur adipisicing elit. Ducimus, laboriosam?', 'I don\'t know dude', 1);
INSERT INTO assistance(astID, astQuestion, astAnswer, astApproved) VALUES ('ast4', 'Lorem ipsum dolor sit amet, consectetur adipisicing elit. Ducimus, laboriosam?', 'I don\'t know dude', 1);
INSERT INTO assistance(astID, astQuestion, astAnswer, astApproved) VALUES ('ast5', 'Lorem ipsum dolor sit amet, consectetur adipisicing elit. Ducimus, laboriosam?', 'I don\'t know dude', 1);
INSERT INTO assistance(astID, astQuestion, astAnswer, astApproved) VALUES ('ast6', 'Lorem ipsum dolor sit amet, consectetur adipisicing elit. Ducimus, laboriosam?', 'I don\'t know dude', 1);
INSERT INTO assistance(astID, astQuestion, astAnswer, astApproved) VALUES ('ast7', 'Lorem ipsum dolor sit amet, consectetur adipisicing elit. Ducimus, laboriosam?', 'I don\'t know dude', 1);

INSERT INTO assistance(astID, astQuestion, astAnswer, astApproved) VALUES ('ast8', 'Question1?', 'I don\'t know dude', 1);
INSERT INTO assistance(astID, astQuestion, astAnswer, astApproved) VALUES ('ast9', 'Question2?', 'I don\'t know dude', 1);
INSERT INTO assistance(astID, astQuestion, astAnswer, astApproved) VALUES ('ast10', 'Question3?', 'I don\'t know dude', 1);
INSERT INTO assistance(astID, astQuestion, astAnswer, astApproved) VALUES ('ast11', 'Question4?', 'I don\'t know dude', 1);
INSERT INTO assistance(astID, astQuestion, astAnswer, astApproved) VALUES ('ast12', 'Question5?', 'I don\'t know dude', 1);
INSERT INTO assistance(astID, astQuestion, astAnswer, astApproved) VALUES ('ast13', 'Question6?', 'I don\'t know dude', 1);
INSERT INTO assistance(astID, astQuestion, astAnswer, astApproved) VALUES ('ast14', 'Question7?', 'I don\'t know dude', 1);

INSERT INTO assistance(astID, astQuestion, astAnswer, astApproved) VALUES ('ast15', 'Question8?', 'I don\'t know dude', 0);
INSERT INTO assistance(astID, astQuestion, astAnswer, astApproved) VALUES ('ast16', 'Question8?', 'I don\'t know dude', 0);
INSERT INTO assistance(astID, astQuestion, astAnswer, astApproved) VALUES ('ast17', 'Question8?', 'I don\'t know dude', 0);
INSERT INTO assistance(astID, astQuestion, astAnswer, astApproved) VALUES ('ast18', 'Question8?', 'I don\'t know dude', 0);
INSERT INTO assistance(astID, astQuestion, astAnswer, astApproved) VALUES ('ast19', 'Question8?', 'I don\'t know dude', 0);
INSERT INTO assistance(astID, astQuestion, astAnswer, astApproved) VALUES ('ast20', 'Question8?', 'I don\'t know dude', 0);
